{
	"IcoMoonType": "selection",
	"icons": [
		{
			"icon": {
				"paths": [
					"M640 0.16c-212.064 0-384 171.936-384 384 0 64.832 16.224 125.856 44.64 179.456l-267.008 266.944 0.224 0.192c-20.864 20.512-33.856 48.928-33.856 80.512 0 62.368 50.56 112.928 112.928 112.928 31.52 0 59.968-12.992 80.48-33.888l-0.064-0.064 266.912-266.88c53.632 28.512 114.752 44.8 179.744 44.8 212.064 0 384-171.936 384-384 0-212.064-171.936-384-384-384zM153.44 950.304c-10.304 10.688-24.576 17.376-40.512 17.376-31.2 0-56.48-25.248-56.48-56.448 0-15.936 6.72-30.176 17.376-40.512l-0.288-0.256 258.112-258.112c22.56 30.432 49.44 57.312 79.808 79.936l-258.016 258.016zM640 704.192c-176.704 0-320-143.328-320-320 0-176.704 143.296-320 320-320 176.672 0 320 143.296 320 320 0 176.672-143.328 320-320 320zM640 160.16c8.8 0 16 7.168 16 16s-7.2 16-16 16c-106.048 0-192 85.984-192 192 0 8.832-7.168 16-16 16-8.832 0-16-7.168-16-16 0-123.712 100.256-224 224-224z"
				],
				"tags": [
					"search",
					"magnifier",
					"lookup",
					"find"
				],
				"grid": 32
			},
			"properties": {
				"id": 9,
				"order": 1,
				"prevSize": 32,
				"code": 58880,
				"name": "search",
				"ligatures": ""
			}
		},
		{
			"icon": {
				"paths": [
					"M1024 397.050l-353.78-51.408-158.22-320.582-158.216 320.582-353.784 51.408 256 249.538-60.432 352.352 316.432-166.358 316.432 166.358-60.434-352.352 256.002-249.538z"
				],
				"tags": [
					"star",
					"rate",
					"favorite",
					"bookmark"
				],
				"grid": 16
			},
			"properties": {
				"id": 208,
				"order": 2,
				"prevSize": 32,
				"code": 58881,
				"name": "estrella",
				"ligatures": ""
			}
		},
		{
			"icon": {
				"paths": [
					"M864 0c88.364 0 160 71.634 160 160 0 36.020-11.91 69.258-32 96l-64 64-224-224 64-64c26.742-20.090 59.978-32 96-32zM64 736l-64 288 288-64 592-592-224-224-592 592zM715.578 363.578l-448 448-55.156-55.156 448-448 55.156 55.156z"
				],
				"tags": [
					"pencil",
					"write",
					"edit",
					"blog",
					"note"
				],
				"grid": 16
			},
			"properties": {
				"id": 5,
				"order": 3,
				"prevSize": 32,
				"code": 58882,
				"name": "lapiz",
				"ligatures": ""
			}
		},
		{
			"icon": {
				"paths": [
					"M597.333 810.667v-384h192l-277.333-277.077-277.333 277.077h192v386.005c0 46.080 38.144 83.328 85.333 83.328s85.333-39.253 85.333-85.333z"
				],
				"tags": [
					"arrow-up",
					"upload",
					"top"
				],
				"grid": 24
			},
			"properties": {
				"id": 41,
				"order": 4,
				"prevSize": 24,
				"code": 58883,
				"name": "f-abajo",
				"ligatures": ""
			}
		},
		{
			"icon": {
				"paths": [
					"M426.624 256v384h-192l277.333 277.077 277.333-277.077h-192l-0-386.005c0-46.080-38.144-83.328-85.333-83.328-47.232 0-85.333 39.253-85.333 85.333z"
				],
				"tags": [
					"arrow-down",
					"download",
					"bottom"
				],
				"grid": 24
			},
			"properties": {
				"id": 42,
				"order": 5,
				"prevSize": 24,
				"code": 58884,
				"name": "f-arriba",
				"ligatures": ""
			}
		}
	],
	"height": 1024,
	"metadata": {
		"name": "pulsa"
	},
	"preferences": {
		"showGlyphs": true,
		"showQuickUse": true,
		"fontPref": {
			"prefix": "icon-",
			"metadata": {
				"fontFamily": "pulsa"
			},
			"metrics": {
				"emSize": 1024,
				"baseline": 6.25,
				"whitespace": 50
			}
		},
		"imagePref": {},
		"historySize": 100,
		"showCodes": true
	}
}